{
    "accuracy": 0.5130718954248366,
    "log_loss": 1.0080041814757539,
    "brier_score": 0.6038947764951912
}