{
    "home_bl2_goals_avg5": 0.003594604447685016,
    "away_bl2_goals_avg5": 0.00655749636098981
}