{
    "accuracy": 0.477124183006536,
    "log_loss": 1.0624118695226519,
    "brier_score": 0.6400535947712419
}