{
    "accuracy": 0.5294117647058824,
    "log_loss": 0.9935446864834652,
    "brier_score": 0.5927285583532367
}