{
    "accuracy": 0.5163398692810458,
    "log_loss": 0.9942365614670758,
    "brier_score": 0.5923015468873097
}