{
    "n_estimators": 295,
    "max_depth": 6,
    "learning_rate": 0.030500163994141995,
    "subsample": 0.7931244095726425,
    "colsample_bytree": 0.6201911701412225,
    "min_child_weight": 9,
    "gamma": 1.833822085955307,
    "reg_alpha": 0.632272509852555,
    "reg_lambda": 0.5738464172871658
}